Source,Text,FAQ item,FAQ link
Annotated March 2020,Hey I did not receive my order?,What should I do if my order hasn't been delivered yet?,
Annotated March 2020,Do you still have Nike Air Force one in stock?,Can you tell me if you're getting an item back in stock?,
Annotated March 2020,How do I order from France?,?,
Annotated March 2020,How do I order from UK?,?,
Annotated March 2020,Can you tell me more about shipping fees in Spain?,?,
Annotated March 2020,Can you tell me more about shipping fees in Europe?,?,
Annotated March 2020,Can you tell me more about shipping fees in UK?,How does your UK Standard Delivery service work?,
Annotated March 2020,"My shirt is missing from my order, help!","I'm missing an item from my order, what do I do?",
Annotated March 2020,"My parcel is due tomorrow but I am travelling on that date, can you ship it early so I can receive it in time?",Can I choose a specific time or day for my delivery?,
Annotated March 2020,What is the carbon footprint of an order?,?,
Annotated March 2020,I would like to know more about premiere?,Can you tell me more about your Premier Delivery service?,
Annotated March 2020,When should I expect my parcel with next day delivery?,How does your UK Next Day Delivery service work?,
Annotated March 2020,"I am a premiere customer, can you provide details on custom fees?",?,
Annotated March 2020,Do I have to pay for the custom fees from Russia?,?,
Annotated March 2020,I'm a UK customer. Have you received my returned items?,I'm a UK customer. Have you received my returned items?,https://asos-uk.custhelp.com/app/answers/detail/a_id/13
Annotated March 2020,What is your Returns Policy?,What is your Returns Policy?,https://asos-uk.custhelp.com/app/answers/detail/a_id/69
Annotated March 2020,What should I do if my order hasn't been delivered yet?,What should I do if my order hasn't been delivered yet?,https://asos-uk.custhelp.com/app/answers/detail/a_id/7143
Annotated March 2020,How can I get a new returns note?,How can I get a new returns note?,https://asos-uk.custhelp.com/app/answers/detail/a_id/7150
Annotated March 2020,I'm a UK customer. How do I return something to you?,I'm a UK customer. How do I return something to you?,https://asos-uk.custhelp.com/app/answers/detail/a_id/12
Annotated March 2020,What is your animal protection policy?,What is ASOS' company policy regarding Animal Welfare?,
Annotated March 2020,Is any of the product on the website made of real fur?,Are any of the items you sell made using real fur?,
Annotated March 2020,My shipping address is incorrect how can I fix it?,Can I amend my order after I've placed it?,
Annotated March 2020,I have not received my order number.,?,
Annotated March 2020,I have trouble logging in to the website,I'm having trouble signing into my account,
Annotated March 2020,My promo code is not working,Can you help me with my promo code?,
Annotated March 2020,When is the next sales?,?,
Annotated March 2020,When do you get my shoes back in stock?,Can you tell me if you're getting an item back in stock?,
Annotated March 2020,Are you a robot?,?,
Annotated March 2020,Is it safe to pay online?,? - How can I pay for my order?,
Annotated March 2020,I just placed an order and I did not receive my confirmation email,What can I do if I'm not receiving emails from ASOS?,
Annotated March 2020,Do I have to create an account before I order?,?,
Annotated March 2020,Where is MarketPlace on the app?,Why can't I find marketplace on the app?,
Annotated March 2020,I forgot my password,"I'VE FORGOTTEN MY PASSWORD, HOW DO I RESET IT?",
Annotated March 2020,I would like to return an item,I'M A UK CUSTOMER. HOW DO I RETURN SOMETHING TO YOU?,
Annotated March 2020,I am travelling to Germany how do I change the currency on the app?,HOW DO I CHANGE THE CURRENCY ON THE APP?,
Annotated March 2020,One of my items is damaged,What do I do if I receive a faulty item in my order?,
Annotated March 2020,Can I exchange an item?,Can I return an item for an exchange instead of a refund?,
Annotated March 2020,Two items in my order are missing,"I'm missing an item from my order, what do I do?",
Annotated March 2020,I got sent the wrong item,"I have an incorrect item in my order, what do I do?",
Annotated March 2020,Why hasn't my order arrived yet?,What should I do if my order hasn't been delivered yet?,
Annotated March 2020,One of my orders have arrived but the other one hasn't,What should I do if my order hasn't been delivered yet?,
Annotated March 2020,"My order says delivered, but I haven't received it",?,
Annotated March 2020,Can i make some changes to my order before you deliver it?,Can I amend my order after I've placed it?,
Annotated March 2020,Can you check if this dress is coming back in stock?,Can you tell me if you're getting an item back in stock?,
Annotated March 2020,Do you deliver to Israel?,?,
Annotated March 2020,How long will it take to deliver to Bahrain?,?,
Annotated March 2020,Do I have to pay import tax when I buy from you?,?,
Annotated March 2020,I can't log into my account,I'm having trouble signing into my account,
Annotated March 2020,I haven't received a password reset email,I'm having trouble signing into my account,
Annotated March 2020,My account says it's blocked,I'm having trouble signing into my account,
Annotated March 2020,I'm locked out of my account,I'm having trouble signing into my account,
Annotated March 2020,Have I been banned from ASOS?,I'm having trouble signing into my account,
Annotated March 2020,Where can I get a return label from? I lost mine,How can I get a new returns note?,
Annotated March 2020,"I bought these shoes and exchanged for a different size, but they came back in the wrong colour. Can you help?","I have an incorrect item in my order, what do I do?",
Annotated March 2020,I've forgotten my email address that I registered with,I'm having trouble signing into my account,
Annotated March 2020,When will my order come?,Can I track the delivery of my order?,
Annotated March 2020,Can I change my delivery address after ordering?,Can I have my parcel redirected to a different address?,
Annotated March 2020,My discount code isn't working,Can you help me with my promo code?,
Annotated March 2020,Why can't I use this promo code?,Can you help me with my promo code?,
Annotated March 2020,I can't register as a student,Iâ€™m a student but my email address hasn't been validated for my 10% code,
Annotated March 2020,Can I top up my gift voucher?,?,
Annotated March 2020,Can I use a gift card if I'm not an existing customer?,? - How do I use my Gift Voucher to pay for an order?,
Annotated March 2020,Can I pay with PayPal?,How can I pay for my order?,
Annotated March 2020,Can I return this make-up?,"Can I return aerosols, cosmetics, liquids, perfumes or batteries?",
Annotated March 2020,I need to return several items from different orders. Can I send them all together in one bag?,Can I return more than one order in the same parcel?,
Annotated March 2020,How long do I have to return an item?,What is your Returns Policy?,
Annotated March 2020,Can I return something that I've worn once?,What is your Returns Policy?,
Annotated March 2020,The buttons came off my shirt. Can I get a replacement?,?,
Annotated March 2020,Can I speak to a human please?,?,
Annotated March 2020,Can I search with my voice? I have difficulty typing,?,
Annotated March 2020,"I've made a mistake on the size of one of the items, how can I change it?",Can I return an item for an exchange instead of a refund?,
Annotated March 2020,I've changed my mind about something.,?,
Annotated March 2020,When will it be too late to change my order?,Can I amend my order after I've placed it?,
Annotated March 2020,How long do I have the option to return my order?,What happens to my refund if I return between 29 and 45 days?,
Annotated March 2020,My shirt is the wrong colour,"I have an incorrect item in my order, what do I do?",
Annotated March 2020,When did my order get delivered?,What should I do if my order hasn't been delivered yet?,
Annotated March 2020,How much does it cost for next day delivery?,How does your UK Next Day Delivery service work?,
Annotated March 2020,"If I order today, when will I receive it",How does your UK Standard Delivery service work?,
Annotated March 2020,I think I've got someone elses order,?,
Annotated March 2020,My order was meant to be here a week ago,What should I do if my order hasn't been delivered yet?,
Annotated March 2020,"I need the clothes by tomorrow, is it too late?",How does your UK Next Day Delivery service work?,
Annotated March 2020,My order cancelled itself,?,
Annotated March 2020,Is it too late to change the delivery address?,Can I amend my order after I've placed it?,
Annotated March 2020,Something is cheaper now than when I ordered it,?,
Annotated March 2020,Can you deliver to a different country than where I ordered in?,?,
Annotated March 2020,"I lost my returns note, where can I get a new one?",How can I get a new returns note?,
Annotated March 2020,How do I return some of my items to you?,I'm a UK customer. How do I return something to you?,
Annotated March 2020,Is it free to return an order?,Do you refund delivery charges if I return something?,
Annotated March 2020,When can I expect the money back in my account after a return?,?,
Annotated March 2020,When will this shirt be back in stock?,Can you tell me if you're getting an item back in stock?,
Annotated March 2020,How are the clothes made?,Can you tell me more about your responsible shopping experience?,
Annotated March 2020,Can I choose a specific time tomorrow to have my order delivered?,Can I choose a specific time or day for my delivery?,
Annotated March 2020,My order has said 'Order Processing' for a week,?,
Annotated March 2020,Can I return some makeup after I've tried it?,What is your Returns Policy?,
Annotated March 2020,Are you going to have a sale soon?,?,
Annotated March 2020,"The card I used to make the order is now cancelled, if I got a refund where does the money go?",What happens to my refund if my card is no longer in use?,
Annotated March 2020,I can't remember my login details,I'm having trouble signing into my account,
Annotated March 2020,How do i return an order at Asda?,?,
Annotated March 2020,Do you take American Express?,?,
Annotated March 2020,Can I get cashback on an Asos order?,?,
Annotated March 2020,How can I make sure I order the right size?,WHERE CAN I FIND YOUR SIZE GUIDE AND CARE INSTRUCTIONS?,
Annotated March 2020,I want to pay in dollars instead,WHAT CURRENCIES CAN I USE TO PLACE AN ORDER WITH ASOS?,
Annotated March 2020,I've been getting too many emails from asos,HOW CAN I UNSUBSCRIBE FROM YOUR EMAILS/TEXTS?,
Annotated March 2020,How do I stop the texts I've been getting,HOW CAN I UNSUBSCRIBE FROM YOUR EMAILS/TEXTS?,
Annotated March 2020,How do I get student discount?,DO YOU OFFER A DISCOUNT OR PROMO FOR STUDENTS?,
GPT3 Feb 2021,What kind of fur do you use?,Are any of the items you sell made using real fur?,https://www.asos.com/customer-care/product-stock/are-any-of-the-items-you-sell-made-using-real-fur/
GPT3 Feb 2021,Does your company use real fur?,Are any of the items you sell made using real fur?,https://www.asos.com/customer-care/product-stock/are-any-of-the-items-you-sell-made-using-real-fur/
GPT3 Feb 2021,Is your fur cruelty free?,Are any of the items you sell made using real fur?,https://www.asos.com/customer-care/product-stock/are-any-of-the-items-you-sell-made-using-real-fur/
GPT3 Feb 2021,Are your products made of real animal fur?,Are any of the items you sell made using real fur?,https://www.asos.com/customer-care/product-stock/are-any-of-the-items-you-sell-made-using-real-fur/
GPT3 Feb 2021,Does your product contain real fur?,Are any of the items you sell made using real fur?,https://www.asos.com/customer-care/product-stock/are-any-of-the-items-you-sell-made-using-real-fur/
GPT3 Feb 2021,Is the fur on your product real?,Are any of the items you sell made using real fur?,https://www.asos.com/customer-care/product-stock/are-any-of-the-items-you-sell-made-using-real-fur/
GPT3 Feb 2021,Is your fur fake?,Are any of the items you sell made using real fur?,https://www.asos.com/customer-care/product-stock/are-any-of-the-items-you-sell-made-using-real-fur/
GPT3 Feb 2021,Is your fur real?,Are any of the items you sell made using real fur?,https://www.asos.com/customer-care/product-stock/are-any-of-the-items-you-sell-made-using-real-fur/
GPT3 Feb 2021,Does your company use real fur?,Are any of the items you sell made using real fur?,https://www.asos.com/customer-care/product-stock/are-any-of-the-items-you-sell-made-using-real-fur/
GPT3 Feb 2021,Is your fur cruelty free?,Are any of the items you sell made using real fur?,https://www.asos.com/customer-care/product-stock/are-any-of-the-items-you-sell-made-using-real-fur/
GPT3 Feb 2021,I need my parcel by the latest on Thursday,Can I choose a specific time or day for my delivery?,https://www.asos.com/customer-care/delivery/can-i-choose-a-specific-time-or-day-for-my-delivery/
GPT3 Feb 2021,I need my parcel by the latest on Friday,Can I choose a specific time or day for my delivery?,https://www.asos.com/customer-care/delivery/can-i-choose-a-specific-time-or-day-for-my-delivery/
GPT3 Feb 2021,I need my parcel to arrive on a specific day (UK),Can I choose a specific time or day for my delivery?,https://www.asos.com/customer-care/delivery/can-i-choose-a-specific-time-or-day-for-my-delivery/
GPT3 Feb 2021,I need my parcel to arrive on a specific day (International),Can I choose a specific time or day for my delivery?,https://www.asos.com/customer-care/delivery/can-i-choose-a-specific-time-or-day-for-my-delivery/
GPT3 Feb 2021,I need my parcel to arrive on a specific date,Can I choose a specific time or day for my delivery?,https://www.asos.com/customer-care/delivery/can-i-choose-a-specific-time-or-day-for-my-delivery/
GPT3 Feb 2021,I need my parcel to arrive on a specific time,Can I choose a specific time or day for my delivery?,https://www.asos.com/customer-care/delivery/can-i-choose-a-specific-time-or-day-for-my-delivery/
GPT3 Feb 2021,I need my parcel to arrive on a specific time on a specific day,Can I choose a specific time or day for my delivery?,https://www.asos.com/customer-care/delivery/can-i-choose-a-specific-time-or-day-for-my-delivery/
GPT3 Feb 2021,"I will be out of the country on delivery date, can you deliver on another date?",Can I choose a specific time or day for my delivery?,https://www.asos.com/customer-care/delivery/can-i-choose-a-specific-time-or-day-for-my-delivery/
GPT3 Feb 2021,Can you deliver my parcel on a specific date?,Can I choose a specific time or day for my delivery?,https://www.asos.com/customer-care/delivery/can-i-choose-a-specific-time-or-day-for-my-delivery/
GPT3 Feb 2021,Can you deliver my parcel on a specific date and time?,Can I choose a specific time or day for my delivery?,https://www.asos.com/customer-care/delivery/can-i-choose-a-specific-time-or-day-for-my-delivery/
GPT3 Feb 2021,I am going on holiday and want my order delivered to my hotel,Can I have my order delivered to al alternative address?,https://www.asos.com/customer-care/delivery/can-i-have-my-order-delivered-to-my-work-address/
GPT3 Feb 2021,I live in a different country to my billing address,Can I have my order delivered to al alternative address?,https://www.asos.com/customer-care/delivery/can-i-have-my-order-delivered-to-my-work-address/
GPT3 Feb 2021,"I have changed my address, can you update it?",Can I have my order delivered to al alternative address?,https://www.asos.com/customer-care/delivery/can-i-have-my-order-delivered-to-my-work-address/
GPT3 Feb 2021,I was sent the wrong item how can I have it delivered to another address?,Can I have my order delivered to al alternative address?,https://www.asos.com/customer-care/delivery/can-i-have-my-order-delivered-to-my-work-address/
GPT3 Feb 2021,How do I have my order delivered to a different address?,Can I have my order delivered to al alternative address?,https://www.asos.com/customer-care/delivery/can-i-have-my-order-delivered-to-my-work-address/
GPT3 Feb 2021,I want to change my address,Can I have my order delivered to al alternative address?,https://www.asos.com/customer-care/delivery/can-i-have-my-order-delivered-to-my-work-address/
GPT3 Feb 2021,I want to change my delivery address,Can I have my order delivered to al alternative address?,https://www.asos.com/customer-care/delivery/can-i-have-my-order-delivered-to-my-work-address/
GPT3 Feb 2021,I want to ship my order to my friends house,Can I have my order delivered to al alternative address?,https://www.asos.com/customer-care/delivery/can-i-have-my-order-delivered-to-my-work-address/
GPT3 Feb 2021,I want to ship my order to my daughter's address,Can I have my order delivered to al alternative address?,https://www.asos.com/customer-care/delivery/can-i-have-my-order-delivered-to-my-work-address/
GPT3 Feb 2021,I want to ship my order to my parents house,Can I have my order delivered to al alternative address?,https://www.asos.com/customer-care/delivery/can-i-have-my-order-delivered-to-my-work-address/
GPT3 Feb 2021,I don't like this perfume can I send it back?,"Can I return aerosols, cosmetics, liquids, perfumes or batteries?",https://www.asos.com/customer-care/returns-refunds/can-i-return-aerosols-cosmetics-liquids-perfumes-or-batteries/
GPT3 Feb 2021,Can I return this perfume?,"Can I return aerosols, cosmetics, liquids, perfumes or batteries?",https://www.asos.com/customer-care/returns-refunds/can-i-return-aerosols-cosmetics-liquids-perfumes-or-batteries/
GPT3 Feb 2021,I bought a perfurme with an offer of three freebies and I don't like them can I return them,"Can I return aerosols, cosmetics, liquids, perfumes or batteries?",https://www.asos.com/customer-care/returns-refunds/can-i-return-aerosols-cosmetics-liquids-perfumes-or-batteries/
GPT3 Feb 2021,"I am not happy with this perfume, can I return it?","Can I return aerosols, cosmetics, liquids, perfumes or batteries?",https://www.asos.com/customer-care/returns-refunds/can-i-return-aerosols-cosmetics-liquids-perfumes-or-batteries/
GPT3 Feb 2021,I didn't like this perfume can I send it back?,"Can I return aerosols, cosmetics, liquids, perfumes or batteries?",https://www.asos.com/customer-care/returns-refunds/can-i-return-aerosols-cosmetics-liquids-perfumes-or-batteries/
GPT3 Feb 2021,I am not happy with this perfume can I send it back?,"Can I return aerosols, cosmetics, liquids, perfumes or batteries?",https://www.asos.com/customer-care/returns-refunds/can-i-return-aerosols-cosmetics-liquids-perfumes-or-batteries/
GPT3 Feb 2021,I want to return this perfume,"Can I return aerosols, cosmetics, liquids, perfumes or batteries?",https://www.asos.com/customer-care/returns-refunds/can-i-return-aerosols-cosmetics-liquids-perfumes-or-batteries/
GPT3 Feb 2021,I don't like this perfume can I send it back?,"Can I return aerosols, cosmetics, liquids, perfumes or batteries?",https://www.asos.com/customer-care/returns-refunds/can-i-return-aerosols-cosmetics-liquids-perfumes-or-batteries/
GPT3 Feb 2021,I'd like to return this perfume as the lid has come off and the scent is no longer as strong,"Can I return aerosols, cosmetics, liquids, perfumes or batteries?",https://www.asos.com/customer-care/returns-refunds/can-i-return-aerosols-cosmetics-liquids-perfumes-or-batteries/
GPT3 Feb 2021,I don't like this perfume can I send it back?,"Can I return aerosols, cosmetics, liquids, perfumes or batteries?",https://www.asos.com/customer-care/returns-refunds/can-i-return-aerosols-cosmetics-liquids-perfumes-or-batteries/
GPT3 Feb 2021,I would like to change my order to a different item,Can I return an item for an exchange instead of a refund?,https://www.asos.com/customer-care/returns-refunds/can-i-return-an-item-for-an-exchange-instead-of-a-refund/
GPT3 Feb 2021,I want to change the item for a different size,Can I return an item for an exchange instead of a refund?,https://www.asos.com/customer-care/returns-refunds/can-i-return-an-item-for-an-exchange-instead-of-a-refund/
GPT3 Feb 2021,I would like to exchange my item for a different size,Can I return an item for an exchange instead of a refund?,https://www.asos.com/customer-care/returns-refunds/can-i-return-an-item-for-an-exchange-instead-of-a-refund/
GPT3 Feb 2021,I would like to exchange my item for a different style,Can I return an item for an exchange instead of a refund?,https://www.asos.com/customer-care/returns-refunds/can-i-return-an-item-for-an-exchange-instead-of-a-refund/
GPT3 Feb 2021,I want to exchange for a different item,Can I return an item for an exchange instead of a refund?,https://www.asos.com/customer-care/returns-refunds/can-i-return-an-item-for-an-exchange-instead-of-a-refund/
GPT3 Feb 2021,I would like to return the item and exchange for a different size,Can I return an item for an exchange instead of a refund?,https://www.asos.com/customer-care/returns-refunds/can-i-return-an-item-for-an-exchange-instead-of-a-refund/
GPT3 Feb 2021,I would like to return and exchange for a different size,Can I return an item for an exchange instead of a refund?,https://www.asos.com/customer-care/returns-refunds/can-i-return-an-item-for-an-exchange-instead-of-a-refund/
GPT3 Feb 2021,I would like to return the item and exchange for a different size,Can I return an item for an exchange instead of a refund?,https://www.asos.com/customer-care/returns-refunds/can-i-return-an-item-for-an-exchange-instead-of-a-refund/
GPT3 Feb 2021,I want to exchange my item for a different size,Can I return an item for an exchange instead of a refund?,https://www.asos.com/customer-care/returns-refunds/can-i-return-an-item-for-an-exchange-instead-of-a-refund/
GPT3 Feb 2021,I would like to swap my item for a different size,Can I return an item for an exchange instead of a refund?,https://www.asos.com/customer-care/returns-refunds/can-i-return-an-item-for-an-exchange-instead-of-a-refund/
GPT3 Feb 2021,Can I send multiple orders back in one bag?,Can I return more than one order in the same parcel?,https://www.asos.com/customer-care/returns-refunds/can-i-return-more-than-one-order-in-the-same-parcel/
GPT3 Feb 2021,"I have multiple returns, can I combine them all in the same bag?",Can I return more than one order in the same parcel?,https://www.asos.com/customer-care/returns-refunds/can-i-return-more-than-one-order-in-the-same-parcel/
GPT3 Feb 2021,Can I return multiple orders in the same parcel?,Can I return more than one order in the same parcel?,https://www.asos.com/customer-care/returns-refunds/can-i-return-more-than-one-order-in-the-same-parcel/
GPT3 Feb 2021,Can I send multiple returns in one bag?,Can I return more than one order in the same parcel?,https://www.asos.com/customer-care/returns-refunds/can-i-return-more-than-one-order-in-the-same-parcel/
GPT3 Feb 2021,Can I return multiple orders in one parcel?,Can I return more than one order in the same parcel?,https://www.asos.com/customer-care/returns-refunds/can-i-return-more-than-one-order-in-the-same-parcel/
GPT3 Feb 2021,Can I combine multiple orders in one parcel?,Can I return more than one order in the same parcel?,https://www.asos.com/customer-care/returns-refunds/can-i-return-more-than-one-order-in-the-same-parcel/
GPT3 Feb 2021,Is it OK to combine returns?,Can I return more than one order in the same parcel?,https://www.asos.com/customer-care/returns-refunds/can-i-return-more-than-one-order-in-the-same-parcel/
GPT3 Feb 2021,Can I send multiple returns in one parcel?,Can I return more than one order in the same parcel?,https://www.asos.com/customer-care/returns-refunds/can-i-return-more-than-one-order-in-the-same-parcel/
GPT3 Feb 2021,Do you allow combined returns?,Can I return more than one order in the same parcel?,https://www.asos.com/customer-care/returns-refunds/can-i-return-more-than-one-order-in-the-same-parcel/
GPT3 Feb 2021,Can I send more than one order back in one parcel?,Can I return more than one order in the same parcel?,https://www.asos.com/customer-care/returns-refunds/can-i-return-more-than-one-order-in-the-same-parcel/
GPT3 Feb 2021,How do I track my order?,Can I track the delivery of my order?,https://www.asos.com/customer-care/delivery/can-i-track-the-delivery-of-my-order/
GPT3 Feb 2021,How do I find out where my order is?,Can I track the delivery of my order?,https://www.asos.com/customer-care/delivery/can-i-track-the-delivery-of-my-order/
GPT3 Feb 2021,How do I know if my purchase has been shipped?,Can I track the delivery of my order?,https://www.asos.com/customer-care/delivery/can-i-track-the-delivery-of-my-order/
GPT3 Feb 2021,How can I track my order?,Can I track the delivery of my order?,https://www.asos.com/customer-care/delivery/can-i-track-the-delivery-of-my-order/
GPT3 Feb 2021,How long does it take to get my purchase?,Can I track the delivery of my order?,https://www.asos.com/customer-care/delivery/can-i-track-the-delivery-of-my-order/
GPT3 Feb 2021,How do I get updates on my order?,Can I track the delivery of my order?,https://www.asos.com/customer-care/delivery/can-i-track-the-delivery-of-my-order/
GPT3 Feb 2021,What is the tracking number to my order?,Can I track the delivery of my order?,https://www.asos.com/customer-care/delivery/can-i-track-the-delivery-of-my-order/
GPT3 Feb 2021,What time will my order arrive?,Can I track the delivery of my order?,https://www.asos.com/customer-care/delivery/can-i-track-the-delivery-of-my-order/
GPT3 Feb 2021,When will my order come?,Can I track the delivery of my order?,https://www.asos.com/customer-care/delivery/can-i-track-the-delivery-of-my-order/
GPT3 Feb 2021,When will my order be delivered?,Can I track the delivery of my order?,https://www.asos.com/customer-care/delivery/can-i-track-the-delivery-of-my-order/
GPT3 Feb 2021,How long does it take for my order to arrive with premier?,Can you tell me more about your Premier Delivery service?,https://www.asos.com/customer-care/delivery/can-you-tell-me-more-about-your-premier-delivery-service/
GPT3 Feb 2021,Why do I have to pay for delivery with premier?,Can you tell me more about your Premier Delivery service?,https://www.asos.com/customer-care/delivery/can-you-tell-me-more-about-your-premier-delivery-service/
GPT3 Feb 2021,Why is my parcel not being delivered next day with premier?,Can you tell me more about your Premier Delivery service?,https://www.asos.com/customer-care/delivery/can-you-tell-me-more-about-your-premier-delivery-service/
GPT3 Feb 2021,What happens if my items are returned with premier?,Can you tell me more about your Premier Delivery service?,https://www.asos.com/customer-care/delivery/can-you-tell-me-more-about-your-premier-delivery-service/
GPT3 Feb 2021,Are there any premier delivery restrictions?,Can you tell me more about your Premier Delivery service?,https://www.asos.com/customer-care/delivery/can-you-tell-me-more-about-your-premier-delivery-service/
GPT3 Feb 2021,I am a premier customer will I be able to use my discount code?,Can you tell me more about your Premier Delivery service?,https://www.asos.com/customer-care/delivery/can-you-tell-me-more-about-your-premier-delivery-service/
GPT3 Feb 2021,I am a premier customer but I have not received my premier discount code?,Can you tell me more about your Premier Delivery service?,https://www.asos.com/customer-care/delivery/can-you-tell-me-more-about-your-premier-delivery-service/
GPT3 Feb 2021,Can I get my premier delivery for free?,Can you tell me more about your Premier Delivery service?,https://www.asos.com/customer-care/delivery/can-you-tell-me-more-about-your-premier-delivery-service/
GPT3 Feb 2021,How do I pay for delivery with premier?,Can you tell me more about your Premier Delivery service?,https://www.asos.com/customer-care/delivery/can-you-tell-me-more-about-your-premier-delivery-service/
GPT3 Feb 2021,Can I have my items delivered on a specific day with premier?,Can you tell me more about your Premier Delivery service?,https://www.asos.com/customer-care/delivery/can-you-tell-me-more-about-your-premier-delivery-service/
GPT3 Feb 2021,How can I do to guarantee that the materials in my clothing are sourced sustainably?,Can you tell me more about your responsible shopping experience?,https://www.asos.com/customer-care/product-stock/can-you-tell-me-more-about-your-responsible-shopping-experience/
GPT3 Feb 2021,How can I be sure that the cotton I buy is ethically sourced?,Can you tell me more about your responsible shopping experience?,https://www.asos.com/customer-care/product-stock/can-you-tell-me-more-about-your-responsible-shopping-experience/
GPT3 Feb 2021,What are ASOS doing to tackle the issue of fast fashion?,Can you tell me more about your responsible shopping experience?,https://www.asos.com/customer-care/product-stock/can-you-tell-me-more-about-your-responsible-shopping-experience/
GPT3 Feb 2021,Do you have a sustainable fashion policy?,Can you tell me more about your responsible shopping experience?,https://www.asos.com/customer-care/product-stock/can-you-tell-me-more-about-your-responsible-shopping-experience/
GPT3 Feb 2021,Do you know what recycling is?,Can you tell me more about your responsible shopping experience?,https://www.asos.com/customer-care/product-stock/can-you-tell-me-more-about-your-responsible-shopping-experience/
GPT3 Feb 2021,What should I do with my old clothes?,Can you tell me more about your responsible shopping experience?,https://www.asos.com/customer-care/product-stock/can-you-tell-me-more-about-your-responsible-shopping-experience/
GPT3 Feb 2021,How does ASOS dispose of unsold inventory?,Can you tell me more about your responsible shopping experience?,https://www.asos.com/customer-care/product-stock/can-you-tell-me-more-about-your-responsible-shopping-experience/
GPT3 Feb 2021,Why can't I return my used items to your stores?,Can you tell me more about your responsible shopping experience?,https://www.asos.com/customer-care/product-stock/can-you-tell-me-more-about-your-responsible-shopping-experience/
GPT3 Feb 2021,How do you recycle your packaging?,Can you tell me more about your responsible shopping experience?,https://www.asos.com/customer-care/product-stock/can-you-tell-me-more-about-your-responsible-shopping-experience/
GPT3 Feb 2021,Can I recycle my packaging?,Can you tell me more about your responsible shopping experience?,https://www.asos.com/customer-care/product-stock/can-you-tell-me-more-about-your-responsible-shopping-experience/
GPT3 Feb 2021,Can I send something back to you and you refund me the delivery charges?,Do you refund delivery charges if I return something?,https://www.asos.com/customer-care/returns-refunds/do-you-refund-delivery-charges-if-i-return-something/
GPT3 Feb 2021,Do you refund the postage if I return something?,Do you refund delivery charges if I return something?,https://www.asos.com/customer-care/returns-refunds/do-you-refund-delivery-charges-if-i-return-something/
GPT3 Feb 2021,Can I send something back to you and you refund the delivery?,Do you refund delivery charges if I return something?,https://www.asos.com/customer-care/returns-refunds/do-you-refund-delivery-charges-if-i-return-something/
GPT3 Feb 2021,Can I return something and you refund the delivery payments?,Do you refund delivery charges if I return something?,https://www.asos.com/customer-care/returns-refunds/do-you-refund-delivery-charges-if-i-return-something/
GPT3 Feb 2021,Do you pay the delivery charges if I send you my items back?,Do you refund delivery charges if I return something?,https://www.asos.com/customer-care/returns-refunds/do-you-refund-delivery-charges-if-i-return-something/
GPT3 Feb 2021,How much is it to return my items?,Do you refund delivery charges if I return something?,https://www.asos.com/customer-care/returns-refunds/do-you-refund-delivery-charges-if-i-return-something/
GPT3 Feb 2021,I want to return my items but don't want to pay the return fees,Do you refund delivery charges if I return something?,https://www.asos.com/customer-care/returns-refunds/do-you-refund-delivery-charges-if-i-return-something/
GPT3 Feb 2021,I only want to return one item!,Do you refund delivery charges if I return something?,https://www.asos.com/customer-care/returns-refunds/do-you-refund-delivery-charges-if-i-return-something/
GPT3 Feb 2021,What is the return policy?,Do you refund delivery charges if I return something?,https://www.asos.com/customer-care/returns-refunds/do-you-refund-delivery-charges-if-i-return-something/
GPT3 Feb 2021,Can I return something and you pay the postage?,Do you refund delivery charges if I return something?,
GPT3 Feb 2021,It has been more than 14 days since I made a return,Have you received my returned items?,https://www.asos.com/customer-care/returns-refunds/have-you-received-my-returned-items/
GPT3 Feb 2021,Where is my return?,Have you received my returned items?,https://www.asos.com/customer-care/returns-refunds/have-you-received-my-returned-items/
GPT3 Feb 2021,"I'm waiting for my money, please check if its with you",Have you received my returned items?,https://www.asos.com/customer-care/returns-refunds/have-you-received-my-returned-items/
GPT3 Feb 2021,I want to check if my return was received,Have you received my returned items?,https://www.asos.com/customer-care/returns-refunds/have-you-received-my-returned-items/
GPT3 Feb 2021,"I have returned my items more than 14 days ago, can you check if its with you?",Have you received my returned items?,https://www.asos.com/customer-care/returns-refunds/have-you-received-my-returned-items/
GPT3 Feb 2021,Are you holding any of my returns?,Have you received my returned items?,https://www.asos.com/customer-care/returns-refunds/have-you-received-my-returned-items/
GPT3 Feb 2021,I want to check if any of my returns are with you,Have you received my returned items?,https://www.asos.com/customer-care/returns-refunds/have-you-received-my-returned-items/
GPT3 Feb 2021,"What does ""awaiting collection"" mean",Have you received my returned items?,https://www.asos.com/customer-care/returns-refunds/have-you-received-my-returned-items/
GPT3 Feb 2021,I haven't received my refund on my account,Have you received my returned items?,https://www.asos.com/customer-care/returns-refunds/have-you-received-my-returned-items/
GPT3 Feb 2021,"I returned my stuff more than 14 days ago, where is my refund",Have you received my returned items?,https://www.asos.com/customer-care/returns-refunds/have-you-received-my-returned-items/
GPT3 Feb 2021,I need a new returns note,How can I get a new returns slip?,https://www.asos.com/customer-care/returns-refunds/how-can-i-get-a-new-returns-slip/
GPT3 Feb 2021,How do I get a new returns slip?,How can I get a new returns slip?,https://www.asos.com/customer-care/returns-refunds/how-can-i-get-a-new-returns-slip/
GPT3 Feb 2021,How can I get a new returns note?,How can I get a new returns slip?,https://www.asos.com/customer-care/returns-refunds/how-can-i-get-a-new-returns-slip/
GPT3 Feb 2021,I need a new return slip,How can I get a new returns slip?,https://www.asos.com/customer-care/returns-refunds/how-can-i-get-a-new-returns-slip/
GPT3 Feb 2021,I have not received my return slip,How can I get a new returns slip?,https://www.asos.com/customer-care/returns-refunds/how-can-i-get-a-new-returns-slip/
GPT3 Feb 2021,I have not received a returns label,How can I get a new returns slip?,https://www.asos.com/customer-care/returns-refunds/how-can-i-get-a-new-returns-slip/
GPT3 Feb 2021,I did not receive my returns slip,How can I get a new returns slip?,https://www.asos.com/customer-care/returns-refunds/how-can-i-get-a-new-returns-slip/
GPT3 Feb 2021,Can I get a new return slip?,How can I get a new returns slip?,https://www.asos.com/customer-care/returns-refunds/how-can-i-get-a-new-returns-slip/
GPT3 Feb 2021,How can I get a new returns note?,How can I get a new returns slip?,https://www.asos.com/customer-care/returns-refunds/how-can-i-get-a-new-returns-slip/
GPT3 Feb 2021,Can I get a new return slip?,How can I get a new returns slip?,https://www.asos.com/customer-care/returns-refunds/how-can-i-get-a-new-returns-slip/
GPT3 Feb 2021,Can I put in my card on the website?,How can I pay for my order?,https://www.asos.com/customer-care/payment-promos-gift-vouchers/how-can-i-pay-for-my-order/
GPT3 Feb 2021,Can I pay with Visa?,How can I pay for my order?,https://www.asos.com/customer-care/payment-promos-gift-vouchers/how-can-i-pay-for-my-order/
GPT3 Feb 2021,Can I pay with Mastercard?,How can I pay for my order?,https://www.asos.com/customer-care/payment-promos-gift-vouchers/how-can-i-pay-for-my-order/
GPT3 Feb 2021,Can I pay with a debit card?,How can I pay for my order?,https://www.asos.com/customer-care/payment-promos-gift-vouchers/how-can-i-pay-for-my-order/
GPT3 Feb 2021,Can I pay with my Maestro card?,How can I pay for my order?,https://www.asos.com/customer-care/payment-promos-gift-vouchers/how-can-i-pay-for-my-order/
GPT3 Feb 2021,What payment methods do you have?,How can I pay for my order?,https://www.asos.com/customer-care/payment-promos-gift-vouchers/how-can-i-pay-for-my-order/
GPT3 Feb 2021,What payment method do you accept?,How can I pay for my order?,https://www.asos.com/customer-care/payment-promos-gift-vouchers/how-can-i-pay-for-my-order/
GPT3 Feb 2021,Which credit card do you accept?,How can I pay for my order?,https://www.asos.com/customer-care/payment-promos-gift-vouchers/how-can-i-pay-for-my-order/
GPT3 Feb 2021,Can I pay with MoneyGram?,How can I pay for my order?,https://www.asos.com/customer-care/payment-promos-gift-vouchers/how-can-i-pay-for-my-order/
GPT3 Feb 2021,Can I pay with Postepay?,How can I pay for my order?,https://www.asos.com/customer-care/payment-promos-gift-vouchers/how-can-i-pay-for-my-order/
GPT3 Feb 2021,"I'm sick of receiving emails from ASOS, how do I unsubscribe?",How can I unsubscribe from your emails and texts?,https://www.asos.com/customer-care/technical/how-can-i-unsubscribe-from-your-emails-and-texts/
GPT3 Feb 2021,how do I stop getting these emails?,How can I unsubscribe from your emails and texts?,https://www.asos.com/customer-care/technical/how-can-i-unsubscribe-from-your-emails-and-texts/
GPT3 Feb 2021,I want to stop getting the emails!,How can I unsubscribe from your emails and texts?,https://www.asos.com/customer-care/technical/how-can-i-unsubscribe-from-your-emails-and-texts/
GPT3 Feb 2021,please unsubscribe me from asos emails.,How can I unsubscribe from your emails and texts?,https://www.asos.com/customer-care/technical/how-can-i-unsubscribe-from-your-emails-and-texts/
GPT3 Feb 2021,I want to stop receiving emails from ASOS,How can I unsubscribe from your emails and texts?,https://www.asos.com/customer-care/technical/how-can-i-unsubscribe-from-your-emails-and-texts/
GPT3 Feb 2021,I don't want to get emails anymore,How can I unsubscribe from your emails and texts?,https://www.asos.com/customer-care/technical/how-can-i-unsubscribe-from-your-emails-and-texts/
GPT3 Feb 2021,stop sending me emails from ASOS,How can I unsubscribe from your emails and texts?,https://www.asos.com/customer-care/technical/how-can-i-unsubscribe-from-your-emails-and-texts/
GPT3 Feb 2021,can you stop sending me emails,How can I unsubscribe from your emails and texts?,https://www.asos.com/customer-care/technical/how-can-i-unsubscribe-from-your-emails-and-texts/
GPT3 Feb 2021,I no longer wish to receive emails from ASOS,How can I unsubscribe from your emails and texts?,https://www.asos.com/customer-care/technical/how-can-i-unsubscribe-from-your-emails-and-texts/
GPT3 Feb 2021,I don't want to receive emails from ASOS,How can I unsubscribe from your emails and texts?,https://www.asos.com/customer-care/technical/how-can-i-unsubscribe-from-your-emails-and-texts/
GPT3 Feb 2021,I am in India and want to pay in dollars,How do I change the currency on the App?,https://www.asos.com/customer-care/technical/how-do-i-change-the-currency-on-the-app/
GPT3 Feb 2021,I want to pay in euros,How do I change the currency on the App?,https://www.asos.com/customer-care/technical/how-do-i-change-the-currency-on-the-app/
GPT3 Feb 2021,I am in the UK and want to pay in dollars,How do I change the currency on the App?,https://www.asos.com/customer-care/technical/how-do-i-change-the-currency-on-the-app/
GPT3 Feb 2021,I am in Germany and want to pay in Euros,How do I change the currency on the App?,https://www.asos.com/customer-care/technical/how-do-i-change-the-currency-on-the-app/
GPT3 Feb 2021,How do I pay in dollars,How do I change the currency on the App?,https://www.asos.com/customer-care/technical/how-do-i-change-the-currency-on-the-app/
GPT3 Feb 2021,I am in the USA and would like to pay in US dollars,How do I change the currency on the App?,https://www.asos.com/customer-care/technical/how-do-i-change-the-currency-on-the-app/
GPT3 Feb 2021,I am in China and would like to pay in China yuan,How do I change the currency on the App?,https://www.asos.com/customer-care/technical/how-do-i-change-the-currency-on-the-app/
GPT3 Feb 2021,I am in US and would like to pay in US dollars,How do I change the currency on the App?,https://www.asos.com/customer-care/technical/how-do-i-change-the-currency-on-the-app/
GPT3 Feb 2021,I am in Ireland and would like to pay in Euro,How do I change the currency on the App?,https://www.asos.com/customer-care/technical/how-do-i-change-the-currency-on-the-app/
GPT3 Feb 2021,I am in US and would like to pay in US dollars,How do I change the currency on the App?,https://www.asos.com/customer-care/technical/how-do-i-change-the-currency-on-the-app/
GPT3 Feb 2021,Can i return with Hermes?,How do I return something to you from the UK?,https://www.asos.com/customer-care/returns-refunds/how-do-i-return-something-to-you-from-the-uk/
GPT3 Feb 2021,Can i return with DPD?,How do I return something to you from the UK?,https://www.asos.com/customer-care/returns-refunds/how-do-i-return-something-to-you-from-the-uk/
GPT3 Feb 2021,How do I return with Hermes?,How do I return something to you from the UK?,https://www.asos.com/customer-care/returns-refunds/how-do-i-return-something-to-you-from-the-uk/
GPT3 Feb 2021,How do I return with DPD?,How do I return something to you from the UK?,https://www.asos.com/customer-care/returns-refunds/how-do-i-return-something-to-you-from-the-uk/
GPT3 Feb 2021,I want to return something. How can I do this?,How do I return something to you from the UK?,https://www.asos.com/customer-care/returns-refunds/how-do-i-return-something-to-you-from-the-uk/
GPT3 Feb 2021,How do I return to ASOS?,How do I return something to you from the UK?,https://www.asos.com/customer-care/returns-refunds/how-do-i-return-something-to-you-from-the-uk/
GPT3 Feb 2021,How can I return to ASOS?,How do I return something to you from the UK?,https://www.asos.com/customer-care/returns-refunds/how-do-i-return-something-to-you-from-the-uk/
GPT3 Feb 2021,Can I return with Hermes?,How do I return something to you from the UK?,https://www.asos.com/customer-care/returns-refunds/how-do-i-return-something-to-you-from-the-uk/
GPT3 Feb 2021,Can I return with DPD?,How do I return something to you from the UK?,https://www.asos.com/customer-care/returns-refunds/how-do-i-return-something-to-you-from-the-uk/
GPT3 Feb 2021,How do I return an item to DPD?,How do I return something to you from the UK?,https://www.asos.com/customer-care/returns-refunds/how-do-i-return-something-to-you-from-the-uk/
GPT3 Feb 2021,I am a new customer and I want to use my voucher,How do I use my Gift Voucher to pay for an order?,https://www.asos.com/customer-care/payment-promos-gift-vouchers/how-do-i-use-my-gift-voucher-to-pay-for-an-order/
GPT3 Feb 2021,My voucher code has been used but I havent bought anything,How do I use my Gift Voucher to pay for an order?,https://www.asos.com/customer-care/payment-promos-gift-vouchers/how-do-i-use-my-gift-voucher-to-pay-for-an-order/
GPT3 Feb 2021,"My voucher code hasn't been used, I have a discount code",How do I use my Gift Voucher to pay for an order?,https://www.asos.com/customer-care/payment-promos-gift-vouchers/how-do-i-use-my-gift-voucher-to-pay-for-an-order/
GPT3 Feb 2021,My voucher code says it's already been used,How do I use my Gift Voucher to pay for an order?,https://www.asos.com/customer-care/payment-promos-gift-vouchers/how-do-i-use-my-gift-voucher-to-pay-for-an-order/
GPT3 Feb 2021,My gift voucher has expired,How do I use my Gift Voucher to pay for an order?,https://www.asos.com/customer-care/payment-promos-gift-vouchers/how-do-i-use-my-gift-voucher-to-pay-for-an-order/
GPT3 Feb 2021,"My voucher has already been used, I have a discount code",How do I use my Gift Voucher to pay for an order?,https://www.asos.com/customer-care/payment-promos-gift-vouchers/how-do-i-use-my-gift-voucher-to-pay-for-an-order/
GPT3 Feb 2021,My voucher code has been used but I havent bought anything,How do I use my Gift Voucher to pay for an order?,https://www.asos.com/customer-care/payment-promos-gift-vouchers/how-do-i-use-my-gift-voucher-to-pay-for-an-order/
GPT3 Feb 2021,My discount code does not get recognized,How do I use my Gift Voucher to pay for an order?,https://www.asos.com/customer-care/payment-promos-gift-vouchers/how-do-i-use-my-gift-voucher-to-pay-for-an-order/
GPT3 Feb 2021,My discount code isnt working,How do I use my Gift Voucher to pay for an order?,https://www.asos.com/customer-care/payment-promos-gift-vouchers/how-do-i-use-my-gift-voucher-to-pay-for-an-order/
GPT3 Feb 2021,I am a new customer and I want to use my discount code,How do I use my Gift Voucher to pay for an order?,
GPT3 Feb 2021,How can I track my next day delivery parcel?,How does your UK Next Day Delivery service work?,https://www.asos.com/customer-care/delivery/how-does-your-uk-next-day-delivery-service-work/
GPT3 Feb 2021,How long will it take for next day delivery?,How does your UK Next Day Delivery service work?,https://www.asos.com/customer-care/delivery/how-does-your-uk-next-day-delivery-service-work/
GPT3 Feb 2021,How much does next day delivery cost?,How does your UK Next Day Delivery service work?,https://www.asos.com/customer-care/delivery/how-does-your-uk-next-day-delivery-service-work/
GPT3 Feb 2021,How long does next day delivery take?,How does your UK Next Day Delivery service work?,https://www.asos.com/customer-care/delivery/how-does-your-uk-next-day-delivery-service-work/
GPT3 Feb 2021,Next day delivery tracking?,How does your UK Next Day Delivery service work?,
GPT3 Feb 2021,Next day delivery price?,How does your UK Standard Delivery service work?,https://www.asos.com/customer-care/delivery/how-does-your-uk-standard-delivery-service-work/
GPT3 Feb 2021,What is next day delivery?,How does your UK Standard Delivery service work?,https://www.asos.com/customer-care/delivery/how-does-your-uk-standard-delivery-service-work/
GPT3 Feb 2021,How much does next day delivery to Europe cost?,How does your UK Standard Delivery service work?,https://www.asos.com/customer-care/delivery/how-does-your-uk-standard-delivery-service-work/
GPT3 Feb 2021,Next day delivery tracking?,How does your UK Standard Delivery service work?,https://www.asos.com/customer-care/delivery/how-does-your-uk-standard-delivery-service-work/
GPT3 Feb 2021,How do I track my next day delivery parcel?,How does your UK Standard Delivery service work?,https://www.asos.com/customer-care/delivery/how-does-your-uk-standard-delivery-service-work/
GPT3 Feb 2021,how do i log in to my account,I'm having trouble signing into my account,https://www.asos.com/customer-care/technical/im-having-trouble-signing-into-my-account/
GPT3 Feb 2021,How to unlock your account,I'm having trouble signing into my account,https://www.asos.com/customer-care/technical/im-having-trouble-signing-into-my-account/
GPT3 Feb 2021,I've forgotten my password and I can't login into my account?,I'm having trouble signing into my account,https://www.asos.com/customer-care/technical/im-having-trouble-signing-into-my-account/
GPT3 Feb 2021,How do I get back into my account?,I'm having trouble signing into my account,https://www.asos.com/customer-care/technical/im-having-trouble-signing-into-my-account/
GPT3 Feb 2021,I can't get into my account,I'm having trouble signing into my account,https://www.asos.com/customer-care/technical/im-having-trouble-signing-into-my-account/
GPT3 Feb 2021,I can't sign in to my account,I'm having trouble signing into my account,https://www.asos.com/customer-care/technical/im-having-trouble-signing-into-my-account/
GPT3 Feb 2021,I can't access my account,I'm having trouble signing into my account,https://www.asos.com/customer-care/technical/im-having-trouble-signing-into-my-account/
GPT3 Feb 2021,My account says it's blocked,I'm having trouble signing into my account,https://www.asos.com/customer-care/technical/im-having-trouble-signing-into-my-account/
GPT3 Feb 2021,how do i get into my account,I'm having trouble signing into my account,https://www.asos.com/customer-care/technical/im-having-trouble-signing-into-my-account/
GPT3 Feb 2021,I can't login to my account,I'm having trouble signing into my account,https://www.asos.com/customer-care/technical/im-having-trouble-signing-into-my-account/
GPT3 Feb 2021,I ordered a coat and a scarf but I received only one of them,"I'm missing an item from my order, what do I do?",https://www.asos.com/customer-care/order-issues/im-missing-an-item-from-my-order-what-do-i-do/
GPT3 Feb 2021,"My order wasn't delivered, whats going on?","I'm missing an item from my order, what do I do?",https://www.asos.com/customer-care/order-issues/im-missing-an-item-from-my-order-what-do-i-do/
GPT3 Feb 2021,How to find out where is my order?,"I'm missing an item from my order, what do I do?",https://www.asos.com/customer-care/order-issues/im-missing-an-item-from-my-order-what-do-i-do/
GPT3 Feb 2021,"I'm missing an item from my order, what do I do?","I'm missing an item from my order, what do I do?",https://www.asos.com/customer-care/order-issues/im-missing-an-item-from-my-order-what-do-i-do/
GPT3 Feb 2021,"My shirt is missing from my order, help!","I'm missing an item from my order, what do I do?",https://www.asos.com/customer-care/order-issues/im-missing-an-item-from-my-order-what-do-i-do/
GPT3 Feb 2021,Two items in my order are missing,"I'm missing an item from my order, what do I do?",https://www.asos.com/customer-care/order-issues/im-missing-an-item-from-my-order-what-do-i-do/
GPT3 Feb 2021,The jeans are missing in my parcel!,"I'm missing an item from my order, what do I do?",https://www.asos.com/customer-care/order-issues/im-missing-an-item-from-my-order-what-do-i-do/
GPT3 Feb 2021,I received the t-shirt and the socks but not the dress,"I'm missing an item from my order, what do I do?",
GPT3 Feb 2021,I havent' received my t-shirt in my parcel,"I'm missing an item from my order, what do I do?",
GPT3 Feb 2021,"I ordered a brand new coat with many other items, received everything but not the coat","I'm missing an item from my order, what do I do?",
GPT3 Feb 2021,I can't change my password,"I've forgotten my password, how do I reset it?",https://www.asos.com/customer-care/technical/ive-forgotten-my-password-how-do-i-reset-it/
GPT3 Feb 2021,I can't remember my pass phrase,"I've forgotten my password, how do I reset it?",https://www.asos.com/customer-care/technical/ive-forgotten-my-password-how-do-i-reset-it/
GPT3 Feb 2021,I lost my login password,"I've forgotten my password, how do I reset it?",https://www.asos.com/customer-care/technical/ive-forgotten-my-password-how-do-i-reset-it/
GPT3 Feb 2021,My password doesn't work,"I've forgotten my password, how do I reset it?",https://www.asos.com/customer-care/technical/ive-forgotten-my-password-how-do-i-reset-it/
GPT3 Feb 2021,I can't log in,"I've forgotten my password, how do I reset it?",https://www.asos.com/customer-care/technical/ive-forgotten-my-password-how-do-i-reset-it/
GPT3 Feb 2021,I can't log in to my account,"I've forgotten my password, how do I reset it?",https://www.asos.com/customer-care/technical/ive-forgotten-my-password-how-do-i-reset-it/
GPT3 Feb 2021,What is my passephrase,"I've forgotten my password, how do I reset it?",https://www.asos.com/customer-care/technical/ive-forgotten-my-password-how-do-i-reset-it/
GPT3 Feb 2021,I forgot my passphrase,"I've forgotten my password, how do I reset it?",https://www.asos.com/customer-care/technical/ive-forgotten-my-password-how-do-i-reset-it/
GPT3 Feb 2021,How do I update my passephrase,"I've forgotten my password, how do I reset it?",https://www.asos.com/customer-care/technical/ive-forgotten-my-password-how-do-i-reset-it/
GPT3 Feb 2021,What is my pass phrase,"I've forgotten my password, how do I reset it?",https://www.asos.com/customer-care/technical/ive-forgotten-my-password-how-do-i-reset-it/
GPT3 Feb 2021,My jeans ripped after 3 washes,"I've received a faulty item, what should I do?",https://www.asos.com/customer-care/order-issues/ive-received-a-faulty-item-what-should-i-do/
GPT3 Feb 2021,The zip on my jeans is faulty,"I've received a faulty item, what should I do?",https://www.asos.com/customer-care/order-issues/ive-received-a-faulty-item-what-should-i-do/
GPT3 Feb 2021,My t-shirt is faded,"I've received a faulty item, what should I do?",https://www.asos.com/customer-care/order-issues/ive-received-a-faulty-item-what-should-i-do/
GPT3 Feb 2021,My jumper has a burn mark,"I've received a faulty item, what should I do?",https://www.asos.com/customer-care/order-issues/ive-received-a-faulty-item-what-should-i-do/
GPT3 Feb 2021,My underwired bra has broken wires,"I've received a faulty item, what should I do?",https://www.asos.com/customer-care/order-issues/ive-received-a-faulty-item-what-should-i-do/
GPT3 Feb 2021,I have a problem with my order,"I've received a faulty item, what should I do?",https://www.asos.com/customer-care/order-issues/ive-received-a-faulty-item-what-should-i-do/
GPT3 Feb 2021,My order was damaged,"I've received a faulty item, what should I do?",https://www.asos.com/customer-care/order-issues/ive-received-a-faulty-item-what-should-i-do/
GPT3 Feb 2021,There is a mark on my product,"I've received a faulty item, what should I do?",https://www.asos.com/customer-care/order-issues/ive-received-a-faulty-item-what-should-i-do/
GPT3 Feb 2021,"I've received a faulty item, what should I do?","I've received a faulty item, what should I do?",https://www.asos.com/customer-care/order-issues/ive-received-a-faulty-item-what-should-i-do/
GPT3 Feb 2021,What if my item is damaged?,"I've received a faulty item, what should I do?",https://www.asos.com/customer-care/order-issues/ive-received-a-faulty-item-what-should-i-do/
GPT3 Feb 2021,I ordered a dress but you sent me the wrong size,"I've received an incorrect item in my order, what do I do?",https://www.asos.com/customer-care/order-issues/ive-received-an-incorrect-item-in-my-order-what-do-i-do/
GPT3 Feb 2021,The item is the wrong color,"I've received an incorrect item in my order, what do I do?",https://www.asos.com/customer-care/order-issues/ive-received-an-incorrect-item-in-my-order-what-do-i-do/
GPT3 Feb 2021,I received the wrong item,"I've received an incorrect item in my order, what do I do?",https://www.asos.com/customer-care/order-issues/ive-received-an-incorrect-item-in-my-order-what-do-i-do/
GPT3 Feb 2021,The item is a different colour,"I've received an incorrect item in my order, what do I do?",https://www.asos.com/customer-care/order-issues/ive-received-an-incorrect-item-in-my-order-what-do-i-do/
GPT3 Feb 2021,I have an incorrect item,"I've received an incorrect item in my order, what do I do?",https://www.asos.com/customer-care/order-issues/ive-received-an-incorrect-item-in-my-order-what-do-i-do/
GPT3 Feb 2021,I received the incorrect item,"I've received an incorrect item in my order, what do I do?",https://www.asos.com/customer-care/order-issues/ive-received-an-incorrect-item-in-my-order-what-do-i-do/
GPT3 Feb 2021,I have received the wrong colour,"I've received an incorrect item in my order, what do I do?",https://www.asos.com/customer-care/order-issues/ive-received-an-incorrect-item-in-my-order-what-do-i-do/
GPT3 Feb 2021,I have received the wrong size,"I've received an incorrect item in my order, what do I do?",https://www.asos.com/customer-care/order-issues/ive-received-an-incorrect-item-in-my-order-what-do-i-do/
GPT3 Feb 2021,I have received the wrong style,"I've received an incorrect item in my order, what do I do?",https://www.asos.com/customer-care/order-issues/ive-received-an-incorrect-item-in-my-order-what-do-i-do/
GPT3 Feb 2021,I have received the incorrect item,"I've received an incorrect item in my order, what do I do?",https://www.asos.com/customer-care/order-issues/ive-received-an-incorrect-item-in-my-order-what-do-i-do/
GPT3 Feb 2021,Im a student I did not receive a confirmation email for my coupon,Iâ€™m a student but my email address hasn't been validated for my discount code,https://www.asos.com/customer-care/payment-promos-gift-vouchers/im-a-student-but-my-email-address-hasnt-been-validated-for-my-10-code/
GPT3 Feb 2021,How do I activate my student code,Iâ€™m a student but my email address hasn't been validated for my discount code,
GPT3 Feb 2021,I did not receive my validation email on my university mailbox,Iâ€™m a student but my email address hasn't been validated for my discount code,
GPT3 Feb 2021,I have changed my email address but I have not received a new validation email,Iâ€™m a student but my email address hasn't been validated for my discount code,
GPT3 Feb 2021,I have changed my phone number but I have not received a new validation email,Iâ€™m a student but my email address hasn't been validated for my discount code,
GPT3 Feb 2021,I am a student but my student email address is not validated,Iâ€™m a student but my email address hasn't been validated for my discount code,
GPT3 Feb 2021,I'm a student but I don't have the validation email,Iâ€™m a student but my email address hasn't been validated for my discount code,
GPT3 Feb 2021,I'm a student but I never received the validation email,Iâ€™m a student but my email address hasn't been validated for my discount code,
GPT3 Feb 2021,I have been trying to login with my student discount code but I have not received a validation email,Iâ€™m a student but my email address hasn't been validated for my discount code,
GPT3 Feb 2021,How do I get a student discount code,Iâ€™m a student but my email address hasn't been validated for my discount code,
GPT3 Feb 2021,I received a confirmation email but I've never received an order number,"Iâ€™m not receiving any communications from ASOS, what should I do?",https://www.asos.com/customer-care/technical/i%E2%80%99m-not-receiving-any-communications-from-asos-what-should-i-do/
GPT3 Feb 2021,I got an order number for an order but I haven't received a confirmation email,"Iâ€™m not receiving any communications from ASOS, what should I do?",https://www.asos.com/customer-care/technical/i%E2%80%99m-not-receiving-any-communications-from-asos-what-should-i-do/
GPT3 Feb 2021,I am waiting for an order but I haven't heard anything from ASOS,"Iâ€™m not receiving any communications from ASOS, what should I do?",https://www.asos.com/customer-care/technical/i%E2%80%99m-not-receiving-any-communications-from-asos-what-should-i-do/
GPT3 Feb 2021,ASOS isn't contacting me about my order,"Iâ€™m not receiving any communications from ASOS, what should I do?",https://www.asos.com/customer-care/technical/i%E2%80%99m-not-receiving-any-communications-from-asos-what-should-i-do/
GPT3 Feb 2021,I haven't received an order confirmation email from ASOS,"Iâ€™m not receiving any communications from ASOS, what should I do?",https://www.asos.com/customer-care/technical/i%E2%80%99m-not-receiving-any-communications-from-asos-what-should-i-do/
GPT3 Feb 2021,I haven't received an order number for an order,"Iâ€™m not receiving any communications from ASOS, what should I do?",https://www.asos.com/customer-care/technical/i%E2%80%99m-not-receiving-any-communications-from-asos-what-should-i-do/
GPT3 Feb 2021,I haven't received an order confirmation email,"Iâ€™m not receiving any communications from ASOS, what should I do?",https://www.asos.com/customer-care/technical/i%E2%80%99m-not-receiving-any-communications-from-asos-what-should-i-do/
GPT3 Feb 2021,I haven't received a shipping confirmation email,"Iâ€™m not receiving any communications from ASOS, what should I do?",https://www.asos.com/customer-care/technical/i%E2%80%99m-not-receiving-any-communications-from-asos-what-should-i-do/
GPT3 Feb 2021,I haven't received a payment confirmation email from ASOS,"Iâ€™m not receiving any communications from ASOS, what should I do?",https://www.asos.com/customer-care/technical/i%E2%80%99m-not-receiving-any-communications-from-asos-what-should-i-do/
GPT3 Feb 2021,I haven't received a refund confirmation email from ASOS,"Iâ€™m not receiving any communications from ASOS, what should I do?",
GPT3 Feb 2021,how can I pay in Italian Lira?,What currencies can I use to place an order?,https://www.asos.com/customer-care/payment-promos-gift-vouchers/what-currencies-can-i-use-to-place-an-order/
GPT3 Feb 2021,can I pay in euros?,What currencies can I use to place an order?,https://www.asos.com/customer-care/payment-promos-gift-vouchers/what-currencies-can-i-use-to-place-an-order/
GPT3 Feb 2021,accept euros?,What currencies can I use to place an order?,https://www.asos.com/customer-care/payment-promos-gift-vouchers/what-currencies-can-i-use-to-place-an-order/
GPT3 Feb 2021,can I pay in Euros?,What currencies can I use to place an order?,https://www.asos.com/customer-care/payment-promos-gift-vouchers/what-currencies-can-i-use-to-place-an-order/
GPT3 Feb 2021,do you accept British pounds?,What currencies can I use to place an order?,https://www.asos.com/customer-care/payment-promos-gift-vouchers/what-currencies-can-i-use-to-place-an-order/
GPT3 Feb 2021,can I pay in GBP?,What currencies can I use to place an order?,https://www.asos.com/customer-care/payment-promos-gift-vouchers/what-currencies-can-i-use-to-place-an-order/
GPT3 Feb 2021,do you accept British pounds?,What currencies can I use to place an order?,https://www.asos.com/customer-care/payment-promos-gift-vouchers/what-currencies-can-i-use-to-place-an-order/
GPT3 Feb 2021,you accept euros?,What currencies can I use to place an order?,https://www.asos.com/customer-care/payment-promos-gift-vouchers/what-currencies-can-i-use-to-place-an-order/
GPT3 Feb 2021,pounds?,What currencies can I use to place an order?,https://www.asos.com/customer-care/payment-promos-gift-vouchers/what-currencies-can-i-use-to-place-an-order/
GPT3 Feb 2021,do you accept Indian Rupees?,What currencies can I use to place an order?,https://www.asos.com/customer-care/payment-promos-gift-vouchers/what-currencies-can-i-use-to-place-an-order/
GPT3 Feb 2021,What do I do if I've changed my card details?,What happens to my refund if my card is no longer in use?,https://www.asos.com/customer-care/returns-refunds/what-happens-to-my-refund-if-my-card-is-no-longer-in-use/
GPT3 Feb 2021,Where will my refund go if my card details have changed?,What happens to my refund if my card is no longer in use?,https://www.asos.com/customer-care/returns-refunds/what-happens-to-my-refund-if-my-card-is-no-longer-in-use/
GPT3 Feb 2021,What happens to my refund if my card is no longer in use?,What happens to my refund if my card is no longer in use?,https://www.asos.com/customer-care/returns-refunds/what-happens-to-my-refund-if-my-card-is-no-longer-in-use/
GPT3 Feb 2021,If my bank details change will you refund my order?,What happens to my refund if my card is no longer in use?,https://www.asos.com/customer-care/returns-refunds/what-happens-to-my-refund-if-my-card-is-no-longer-in-use/
GPT3 Feb 2021,Can I get a refund to a different card?,What happens to my refund if my card is no longer in use?,https://www.asos.com/customer-care/returns-refunds/what-happens-to-my-refund-if-my-card-is-no-longer-in-use/
GPT3 Feb 2021,What happens to my refund if my card is no longer in use?,What happens to my refund if my card is no longer in use?,https://www.asos.com/customer-care/returns-refunds/what-happens-to-my-refund-if-my-card-is-no-longer-in-use/
GPT3 Feb 2021,If my bank details change will you refund my order?,What happens to my refund if my card is no longer in use?,https://www.asos.com/customer-care/returns-refunds/what-happens-to-my-refund-if-my-card-is-no-longer-in-use/
GPT3 Feb 2021,Can I get a refund to a different card?,What happens to my refund if my card is no longer in use?,https://www.asos.com/customer-care/returns-refunds/what-happens-to-my-refund-if-my-card-is-no-longer-in-use/
GPT3 Feb 2021,What happens to my refund if my bank details have changed?,What happens to my refund if my card is no longer in use?,https://www.asos.com/customer-care/returns-refunds/what-happens-to-my-refund-if-my-card-is-no-longer-in-use/
GPT3 Feb 2021,Can I change my card details after I have requested a refund?,What happens to my refund if my card is no longer in use?,https://www.asos.com/customer-care/returns-refunds/what-happens-to-my-refund-if-my-card-is-no-longer-in-use/
GPT3 Feb 2021,What do you consider animal welfare?,What is ASOS' company policy regarding Animal Welfare?,https://www.asos.com/customer-care/product-stock/what-is-asos-company-policy-regarding-animal-welfare/
GPT3 Feb 2021,Are you cruelty-free?,What is ASOS' company policy regarding Animal Welfare?,https://www.asos.com/customer-care/product-stock/what-is-asos-company-policy-regarding-animal-welfare/
GPT3 Feb 2021,How do you ensure your products are cruelty-free?,What is ASOS' company policy regarding Animal Welfare?,https://www.asos.com/customer-care/product-stock/what-is-asos-company-policy-regarding-animal-welfare/
GPT3 Feb 2021,Do you use real leather in your products?,What is ASOS' company policy regarding Animal Welfare?,https://www.asos.com/customer-care/product-stock/what-is-asos-company-policy-regarding-animal-welfare/
GPT3 Feb 2021,Do you use real fur in your products?,What is ASOS' company policy regarding Animal Welfare?,https://www.asos.com/customer-care/product-stock/what-is-asos-company-policy-regarding-animal-welfare/
GPT3 Feb 2021,Do you use animal skin in your products?,What is ASOS' company policy regarding Animal Welfare?,https://www.asos.com/customer-care/product-stock/what-is-asos-company-policy-regarding-animal-welfare/
GPT3 Feb 2021,Is your whole collection vegan?,What is ASOS' company policy regarding Animal Welfare?,https://www.asos.com/customer-care/product-stock/what-is-asos-company-policy-regarding-animal-welfare/
GPT3 Feb 2021,Does ASOS use animal fur?,What is ASOS' company policy regarding Animal Welfare?,https://www.asos.com/customer-care/product-stock/what-is-asos-company-policy-regarding-animal-welfare/
GPT3 Feb 2021,Do you use animal skin in your products?,What is ASOS' company policy regarding Animal Welfare?,https://www.asos.com/customer-care/product-stock/what-is-asos-company-policy-regarding-animal-welfare/
GPT3 Feb 2021,Is ASOS vegan?,What is ASOS' company policy regarding Animal Welfare?,https://www.asos.com/customer-care/product-stock/what-is-asos-company-policy-regarding-animal-welfare/
GPT3 Feb 2021,What if I have a question about my order?,What is your Returns Policy?,https://www.asos.com/customer-care/returns-refunds/what-is-your-returns-policy/
GPT3 Feb 2021,How long do I have to return an item?,What is your Returns Policy?,https://www.asos.com/customer-care/returns-refunds/what-is-your-returns-policy/
GPT3 Feb 2021,Can I return something that I've worn once?,What is your Returns Policy?,https://www.asos.com/customer-care/returns-refunds/what-is-your-returns-policy/
GPT3 Feb 2021,How long do I have the option to return my order?,What is your Returns Policy?,https://www.asos.com/customer-care/returns-refunds/what-is-your-returns-policy/
GPT3 Feb 2021,Can I return some makeup after I've tried it?,What is your Returns Policy?,https://www.asos.com/customer-care/returns-refunds/what-is-your-returns-policy/
GPT3 Feb 2021,"My dress ripped after one wear, can I return it as defective?",What is your Returns Policy?,https://www.asos.com/customer-care/returns-refunds/what-is-your-returns-policy/
GPT3 Feb 2021,How long can I return items for?,What is your Returns Policy?,https://www.asos.com/customer-care/returns-refunds/what-is-your-returns-policy/
GPT3 Feb 2021,My item arrived damaged,What is your Returns Policy?,https://www.asos.com/customer-care/returns-refunds/what-is-your-returns-policy/
GPT3 Feb 2021,What can I do if an item doesn't fit me?,What is your Returns Policy?,https://www.asos.com/customer-care/returns-refunds/what-is-your-returns-policy/
GPT3 Feb 2021,Do I need to return all items in an order?,What is your Returns Policy?,https://www.asos.com/customer-care/returns-refunds/what-is-your-returns-policy/
GPT3 Feb 2021,How long do I have to wait for my order?,What should I do if my order hasn't been delivered yet?,https://www.asos.com/customer-care/delivery/what-should-i-do-if-my-order-hasnt-been-delivered-yet/
GPT3 Feb 2021,Also what can I do if my order has not arrived?,What should I do if my order hasn't been delivered yet?,https://www.asos.com/customer-care/delivery/what-should-i-do-if-my-order-hasnt-been-delivered-yet/
GPT3 Feb 2021,What happens if my order hasn't arrived yet?,What should I do if my order hasn't been delivered yet?,https://www.asos.com/customer-care/delivery/what-should-i-do-if-my-order-hasnt-been-delivered-yet/
GPT3 Feb 2021,What should I do if my order hasn't been delivered yet?,What should I do if my order hasn't been delivered yet?,https://www.asos.com/customer-care/delivery/what-should-i-do-if-my-order-hasnt-been-delivered-yet/
GPT3 Feb 2021,when will my order arrive?,What should I do if my order hasn't been delivered yet?,https://www.asos.com/customer-care/delivery/what-should-i-do-if-my-order-hasnt-been-delivered-yet/
GPT3 Feb 2021,my order hasn't been delivered yet,What should I do if my order hasn't been delivered yet?,https://www.asos.com/customer-care/delivery/what-should-i-do-if-my-order-hasnt-been-delivered-yet/
GPT3 Feb 2021,what do i do if my order hasn't arrived?,What should I do if my order hasn't been delivered yet?,https://www.asos.com/customer-care/delivery/what-should-i-do-if-my-order-hasnt-been-delivered-yet/
GPT3 Feb 2021,how long does it take to get my order?,What should I do if my order hasn't been delivered yet?,https://www.asos.com/customer-care/delivery/what-should-i-do-if-my-order-hasnt-been-delivered-yet/
GPT3 Feb 2021,when will it get here?,What should I do if my order hasn't been delivered yet?,https://www.asos.com/customer-care/delivery/what-should-i-do-if-my-order-hasnt-been-delivered-yet/
GPT3 Feb 2021,do i have to wait long for my order?,What should I do if my order hasn't been delivered yet?,https://www.asos.com/customer-care/delivery/what-should-i-do-if-my-order-hasnt-been-delivered-yet/
GPT3 Feb 2021,Does ASOS have plus size?,Where can I find your size guide?,https://www.asos.com/customer-care/product-stock/where-can-i-find-your-size-guide-and-care-instructions/
GPT3 Feb 2021,Why doesn't ASOS have plus sizes?,Where can I find your size guide?,https://www.asos.com/customer-care/product-stock/where-can-i-find-your-size-guide-and-care-instructions/
GPT3 Feb 2021,"I am a size XXL/6XL/14/16/18, what size should I order from ASOS?",Where can I find your size guide?,https://www.asos.com/customer-care/product-stock/where-can-i-find-your-size-guide-and-care-instructions/
GPT3 Feb 2021,Where can I find out about your ASOS plus size range?,Where can I find your size guide?,https://www.asos.com/customer-care/product-stock/where-can-i-find-your-size-guide-and-care-instructions/
GPT3 Feb 2021,What is the difference between regular and plus size?,Where can I find your size guide?,https://www.asos.com/customer-care/product-stock/where-can-i-find-your-size-guide-and-care-instructions/
GPT3 Feb 2021,Do you have any plus size tips?,Where can I find your size guide?,https://www.asos.com/customer-care/product-stock/where-can-i-find-your-size-guide-and-care-instructions/
GPT3 Feb 2021,How can I make sure I order the right size?,Where can I find your size guide?,https://www.asos.com/customer-care/product-stock/where-can-i-find-your-size-guide-and-care-instructions/
GPT3 Feb 2021,Do you have US size guides?,Where can I find your size guide?,https://www.asos.com/customer-care/product-stock/where-can-i-find-your-size-guide-and-care-instructions/
GPT3 Feb 2021,Do you have EU size guides?,Where can I find your size guide?,https://www.asos.com/customer-care/product-stock/where-can-i-find-your-size-guide-and-care-instructions/
GPT3 Feb 2021,Where can I find specific details about sizing?,Where can I find your size guide?,https://www.asos.com/customer-care/product-stock/where-can-i-find-your-size-guide-and-care-instructions/
GPT3 Feb 2021,Why isn't there an app for marketplace?,Why can't I find marketplace on the app?,https://www.asos.com/customer-care/technical/why-cant-i-find-marketplace-on-the-app/
GPT3 Feb 2021,Why doesn't the marketplace have an app?,Why can't I find marketplace on the app?,https://www.asos.com/customer-care/technical/why-cant-i-find-marketplace-on-the-app/
GPT3 Feb 2021,Why doesn't ASOS have an app for marketplace?,Why can't I find marketplace on the app?,https://www.asos.com/customer-care/technical/why-cant-i-find-marketplace-on-the-app/
GPT3 Feb 2021,Why there isn't an ASOS Marketplace app?,Why can't I find marketplace on the app?,https://www.asos.com/customer-care/technical/why-cant-i-find-marketplace-on-the-app/
GPT3 Feb 2021,Why is there no marketplace in the app?,Why can't I find marketplace on the app?,https://www.asos.com/customer-care/technical/why-cant-i-find-marketplace-on-the-app/
GPT3 Feb 2021,Why isn't marketplace in the app?,Why can't I find marketplace on the app?,https://www.asos.com/customer-care/technical/why-cant-i-find-marketplace-on-the-app/
GPT3 Feb 2021,ASOS Why can't I find marketplace on the app?,Why can't I find marketplace on the app?,https://www.asos.com/customer-care/technical/why-cant-i-find-marketplace-on-the-app/
GPT3 Feb 2021,Where is Market Place on the app?,Why can't I find marketplace on the app?,https://www.asos.com/customer-care/technical/why-cant-i-find-marketplace-on-the-app/
GPT3 Feb 2021,I cant see market place on the app,Why can't I find marketplace on the app?,https://www.asos.com/customer-care/technical/why-cant-i-find-marketplace-on-the-app/
GPT3 Feb 2021,Does the app have Market Place?,Why can't I find marketplace on the app?,https://www.asos.com/customer-care/technical/why-cant-i-find-marketplace-on-the-app/
GPT3 Feb 2021,Have you got any more stock coming in?,Will you be getting more stock?,https://www.asos.com/customer-care/product-stock/will-you-be-getting-more-stock/
GPT3 Feb 2021,Do you have any more stock coming in?,Will you be getting more stock?,https://www.asos.com/customer-care/product-stock/will-you-be-getting-more-stock/
GPT3 Feb 2021,When are you getting more stock in?,Will you be getting more stock?,https://www.asos.com/customer-care/product-stock/will-you-be-getting-more-stock/
GPT3 Feb 2021,When will you get more in?,Will you be getting more stock?,https://www.asos.com/customer-care/product-stock/will-you-be-getting-more-stock/
GPT3 Feb 2021,What's your next restock date?,Will you be getting more stock?,https://www.asos.com/customer-care/product-stock/will-you-be-getting-more-stock/
GPT3 Feb 2021,When are you getting more stock?,Will you be getting more stock?,https://www.asos.com/customer-care/product-stock/will-you-be-getting-more-stock/
GPT3 Feb 2021,Do you know when you get more stock?,Will you be getting more stock?,https://www.asos.com/customer-care/product-stock/will-you-be-getting-more-stock/
GPT3 Feb 2021,When will you be getting more?,Will you be getting more stock?,https://www.asos.com/customer-care/product-stock/will-you-be-getting-more-stock/
GPT3 Feb 2021,Will you be getting more in?,Will you be getting more stock?,https://www.asos.com/customer-care/product-stock/will-you-be-getting-more-stock/
GPT3 Feb 2021,Do you know when you get more stock?,Will you be getting more stock?,https://www.asos.com/customer-care/product-stock/will-you-be-getting-more-stock/
Annotated Winter 2021,do you guys make stuff from animals,Are any of the items you sell made using real fur?,
Annotated Winter 2021,are there any amial products,Are any of the items you sell made using real fur?,
Annotated Winter 2021,wats your fur made of,Are any of the items you sell made using real fur?,
Annotated Winter 2021,i got an email saying my order would be delivered thursday but im not in from 2,Can I choose a specific time or day for my delivery?,
Annotated Winter 2021,can i get my delivery in the evening,Can I choose a specific time or day for my delivery?,
Annotated Winter 2021,i need to change where it'll be received,Can I have my order delivered to al alternative address?,
Annotated Winter 2021,cosmetics,Can I return aerosols,
Annotated Winter 2021,cosmetics,Can I return aerosols,
Annotated Winter 2021,can i get credit instead,Can I return an item for an exchange instead of a refund?,
Annotated Winter 2021,i nedd another sixe,Can I return an item for an exchange instead of a refund?,
Annotated Winter 2021,i accidentally bought the wrong size,Can I return an item for an exchange instead of a refund?,
Annotated Winter 2021,i have a few things to return,Can I return more than one order in the same parcel?,
Annotated Winter 2021,wheres my order,Can I track the delivery of my order?,
Annotated Winter 2021,i ordered a few weeks ago but havent received,Can I track the delivery of my order?,
Annotated Winter 2021,how do i get free one day delivery,Can you tell me more about your Premier Delivery service?,
Annotated Winter 2021,what does premier get me,Can you tell me more about your Premier Delivery service?,
Annotated Winter 2021,arent you bad for the environment,Can you tell me more about your responsible shopping experience?,
Annotated Winter 2021,wjhat are you guys doing about fast fashion waste,Can you tell me more about your responsible shopping experience?,
Annotated Winter 2021,is refund delivery free,Do you refund delivery charges if I return something?,
Annotated Winter 2021,do i get charged for the first delivery if i send it back,Do you refund delivery charges if I return something?,
Annotated Winter 2021,i havent gotten my refund yet,Have you received my returned items?,
Annotated Winter 2021,i sent my return back 7 days ago,Have you received my returned items?,
Annotated Winter 2021,did you receive my return,Have you received my returned items?,
Annotated Winter 2021,i didnt find the order paper for return,How can I get a new returns slip?,
Annotated Winter 2021,how do i pay,How can I pay for my order?,
Annotated Winter 2021,do you accept amex,How can I pay for my order?,
Annotated Winter 2021,please stop spamming me,How can I unsubscribe from your emails and texts?,
Annotated Winter 2021,dont want emails anymore,How can I unsubscribe from your emails and texts?,
Annotated Winter 2021,i dont want to be contacted by text,How can I unsubscribe from your emails and texts?,
Annotated Winter 2021,shows pounds but i want to pay in euros,How do I change the currency on the App?,
Annotated Winter 2021,how do i pay in dollars,How do I change the currency on the App?,
Annotated Winter 2021,i dont want my items,How do I return something to you from the UK?,
Annotated Winter 2021,where do i put my voucher code,How do I use my Gift Voucher to pay for an order?,
Annotated Winter 2021,can i receive the item the next day,How does your UK Next Day Delivery service work?,
Annotated Winter 2021,i cant get into my account,I'm having trouble signing into my account,
Annotated Winter 2021,what do I do?,I'm missing an item from my order,
Annotated Winter 2021,how do I reset it?,I've forgotten my password,
Annotated Winter 2021,how do I reset it?,I've forgotten my password,
Annotated Winter 2021,how do I reset it?,I've forgotten my password,
Annotated Winter 2021,what should I do?,I've received a faulty item,
Annotated Winter 2021,what should I do?,I've received a faulty item,
Annotated Winter 2021,what should I do?,I've received a faulty item,
Annotated Winter 2021,what do I do?,I've received an incorrect item in my order,
Annotated Winter 2021,what do I do?,I've received an incorrect item in my order,
Annotated Winter 2021,what do I do?,I've received an incorrect item in my order,
Annotated Winter 2021,i still cant get my student discount,Iâ€šÃ„Ã´m a student but my email address hasn't been validated for my discount code,
Annotated Winter 2021,what should I do?,Iâ€šÃ„Ã´m not receiving any communications from ASOS,
Annotated Winter 2021,can i pay in yuan,What currencies can I use to place an order?,
Annotated Winter 2021,i lost my card but i want my money back,What happens to my refund if my card is no longer in use?,
Annotated Winter 2021,do you use animal skin,What is ASOS' company policy regarding Animal Welfare?,
Annotated Winter 2021,is that real crocodile,What is ASOS' company policy regarding Animal Welfare?,
Annotated Winter 2021,how long do i have to return,What is your Returns Policy?,
Annotated Winter 2021,ive changed my mind about my order,What is your Returns Policy?,
Annotated Winter 2021,the email said it would be delievered now but i havent received it,What should I do if my order hasn't been delivered yet?,
Annotated Winter 2021,how do i know which size you use,Where can I find your size guide?,
Annotated Winter 2021,do you guys do vanity sizing,Where can I find your size guide?,
Annotated Winter 2021,is marketplace only on the web,Why can't I find marketplace on the app?,
Annotated Winter 2021,do you guys get more of these sneakers soon,Will you be getting more stock?,
Annotated Winter 2021,why havent i gotten my shopping,What should I do if my order hasn't been delivered yet?,
Annotated Winter 2021,im a medium in some places but large in others,Where can I find your size guide?,
